key,en,ja,fr
PLAY,Play!,1,Jouer!
CONTROLS/GOAL,Controls / goal,1,Controls / but
SETTINGS,settings,1,paramètre
EXIT,Exit,1,Quitter
DICTIONARY_OF_TANKS,Tank dictionary,1,Atlas de tank
ERROR,I am error,1,Je suis erreur
SLIDE_INSTRUCTION,any right: next slide | any left: previous slide | shoot: quit,1,droite: prochain | gauche: précédant | tirer: quitter
PANEL1,"Welcome to WAR
Controls:
	Use the mouse to navigate menu or player's cursors
	Controls are rebindable in settings -> keys
	
defaults:
		Player 1: arrows for movement and 0 (of keypad) or right control to shoot
		Player 2: wasd for movement and shift (or space) to shoot
		Player 3: ijkl for movement and ; to shoot
		Player 4: 8456 for movement and + to shoot (keypad)
	",1,"Bienvenue à WAR
Controls :
	Utilise la souris ou un curseur
	Les controls sont définis dans paramètre → touches

Control par défaut :
	Joueur 1 : flèche pour bouger et 0 (du clavier numérique) ou control droit pour tirer
	Joueur 2 : WASD pour bouger et touche MAJ (ou espace) pour tirer
	Joueur 3 : IJKL pour bouger et ; pour tirer
	Joueur 4 : 8456 pour bouger et + pour tirer (toutes sur clavier numérique)
"
PANEL2,"Goal:
	Be the last one standing each round
Round:
	Use your tank to eliminate the others.
	When only one player is alive, it is time for the intermission!

	",1,"But :
	Être le dernier en vie chaque match
Match :
	Utilise votre tank pour éliminer les autres
	Quand un seul joueur est en vie, le match se fini et va à l’intermission!

"
PANEL3,"Intermission:
	If nobody except one has no health, the one who still got life wins.
	In intermission, deads with lives left can select an upgrade,
	and more importantly: an evolution.
	Evolutions are tree based, so the previous choice matters as well.",,"Intermission :
	Si une seule personne a des points de vie, celle-ci gagne.
	En intermission, les morts ayant des points de vie doivent sélectionner une amélioration,
	et plus important : une évolution.
	Les évolutions sont en arbre évolutionnaire, alors le choix précédent influence les options."
PANEL4,"	This game has audio.\n
	Be aware that bots are in very early state
	Have a good time!",1,"	Ce jeu a de l’audio.\n
	Avertissement : les ordinateurs sont très rudimentaire
	Avec ça, amusez-vous bien !"
BGM,BGM,1,BGM
SFX,SFX,1,SFX
CHT,Cursor Hiding Time,1,⏱️Disparition de curseur
CS,Cursor Sensibility,1,Sensibilité des curseur
CREDIT,"[wave amp=40.0 freq=4.0 connected=1]Made by [color=#FF1286]Soytak [/color]
Made in [color=#478cbf]Godot[/color][/wave]
[font_size=40]
Font used:
[color=#ff5500]aAsianHiro[/color]
[color=#0055ff]MGS4 Brush[/color]
Music/Transition used made by others:[color=#879284]
incompetech.com
https://zacksly.itch.io/half-tone-comic-shader-for-godot[/color][/font_size]
[wave amp=25.0 freq=1.0 connected=1][color=#eebb33][font_size=50]
To everyone who shaped the coder inside me
[/font_size]
[/color]
[/wave]",1,"[wave amp=40.0 freq=4.0 connected=1]Créé par [color=#FF1286]Soytak [/color]
Créé dans [color=#478cbf]Godot[/color][/wave]
[font_size=40]
Police d’écritures:
[color=#ff5500]aAsianHiro[/color]
[color=#0055ff]MGS4 Brush[/color]
Musiques/Transition utilisées:[color=#879284]
incompetech.com
https://zacksly.itch.io/half-tone-comic-shader-for-godot[/color][/font_size][wave amp=25.0 freq=1.0 connected=1][color=#eebb33][font_size=50]
Pour tous ceux qui ont modelé 
[/font_size]
[/color]
[/wave]"
UP,Up,1,Haut
DOWN,Down,1,Bas
LEFT,Left,1,Gauche
RIGHT,Right,1,Droit
SELECT,Select,1,Sélectionner
PAUSE,Pause,1,Pause
FORWARD,Forward,1,Avancer
BACKWARD,Backward,1,Reculer
TURN,Turn,1,Tourner
SHOOT,Shoot,1,Tirer
TTA,Title tank amount,1,#tank au menu principale
LANGUAGES,Languages,1,Langages
ENGLISH,English,1,Anglais
JAPANESE,Japanese,1,Japonais
FRENCH,French,1,Français
CREDITS,Credits,1,Crédits
KEYS,Keys,1,Buttons
EXTRA,Extra,1,Extra
REBIND_POPUP1,Enter the key to bind to,1,Appuyer sur la nouvelle touche
REBIND_POPUP2,waiting input,1,En attente de touche
REBIND_POPUP3,Currently set to:,1,Touche actuelle:
REBIND_POPUP2B,is already taken,1,est déjà assignée
BACK,Back,1,Retour
SWITCH_MODE_GRAPH,Switch graph mode,1,⇄ Mode graph.
TANK_DICTIONARY_TITLE,「Tank dictionary」,1,「Tank dictionary」
T_BASIC,Basic,1,Basique 
T_DOUBLE_GUN,Double gun,1,Double gun
T_SNIPER,Sniper,1,Sniper
T_THREE_WAY,Three way,1,Distributeur tripartite 
T_DOUBLE_SHOT,Double shot,1,Double tir
T_DUAL,Dual,1,Dual
T_BIG,Big,1,Grand
T_UPGRADED_BASIC,Upgraded basic,1,Basique amélioré
T_MACHINE_GUN,Machine gun,1,Machine gun
T_LANDMINE,Landmine,1,Machine à mines terrestres
T_TRIPLE_SHOT,Triple shot,1,Triple tir
T_QUADRIPLE_SHOT,Quadruple shot,1,Quadruple tir
T_V_DOUBLE_SHOT,V Double shot,1,V Double tir
T_UPGRADED_UPGRADED_BASIC,Upgraded upgraded basic,1,Basique amélioré amélioré
T_UPGRADED_UPGRADED_UPGRADED_BASIC,Upgraded upgraded upgraded basic,1,Basique amélioré amélioré amélioré
T_RNG,RNG,1,RNG
T_BACKWARD_SHOT,Backward shot,1,Tank à l’envers
T_BACKWARD_SHOT_SNIPER,Backward sniper,1,Sniper à l’envers
T_BACKWARD_SIX_SHOT,Backward six shot,1,Six tir à l’envers
T_DROPPER,Dropper,1,Distributeur à haute fréquence
T_UPGRADED_DROPPER,Upgraded dropper,1,Distributeur à haute fréquence amélioré
T_LANDMINE_ON_DROPPER,Landmine on dropper,1,Machine à mines terrestres sur distributeur à haute fréquence
T_T_SNIPER,T Sniper,1,T sniper
T_TY_SNIPER,TY Sniper,1,TY Sniper
T_FOUR_WAY_SNIPER,Four way sniper,1,Sniper distributeur quadripartite
T_Y_SNIPER,Y sniper,1,Y Sniper
T_UPGRADED_SNIPER,Upgraded sniper,1,Sniper amélioré
T_VY SNIPER,YV Sniper,1,YV Sniper
T_FOUR_GUN,Four gun,1,Quatre tir
T_SIX_GUN,Six gun,1,Six tir
T_SMALL_SPRINKLER_ON_MACHINE_GUN,Small sprinkler on machine gun,1,Petit arroseur sur machine gun
T_SPRINKLER,Sprinkler,1,Arroseur
T_QUATERNARY,Quaternary,1,Quaternaire
T_BIG_QUATERNARY,Big quaternary,1,Grand Quaternaire
T_OCTAL,Octal,1,Octal
T_FIVE_WAY,Five way,1,"Distributeur quintipartite,"
T_SIX_WAY,Six way,1,"Distributeur hexapartite,"
T_UPGRADED_MACHINE_GUN,Upgraded machine gun,1,Machine gun amélioré
T_UPGRADED_BIG,Upgraded big,1,Géant
T_UPGRADED_BIG_TWO_WAY,Upgraded big two way,1,Géant sur distributeur bipartite
